Model,MAE,RMSE,R²,CV R²
Baseline,0.9420289855072465,1.241480101266206,-0.18054941077102504,-0.08007110138396971
Linear Regression,0.7804203108679045,1.1139145598006712,0.04959567499376116,-0.05891062683667321
Random Forest,1.2440876322751322,1.577187802730124,-0.9053355136788159,-0.3680945339565669
Gradient Boosting,1.367981674410751,1.743788751676383,-1.3291227995112935,-0.3989188511367791
