Model,MAE,RMSE,R²,CV R²
Baseline,1.099375,1.3824937838919926,-0.0010024549918166148,-0.006548284965856199
Linear Regression,1.0948403360946095,1.2922466770836571,0.12541984972372955,0.07018862200042308
Random Forest,0.82575,1.1934456418287347,0.2540425531914893,0.40295565934312033
Gradient Boosting,0.7666919882281196,1.1365987930084862,0.32341377871379484,0.3567234934246163

Model,Accuracy,Precision,Recall,F1-Score
Logistic Regression,0.6,0.4375,0.5,0.4666666666666667
