Model,MAE,RMSE,R²,CV R²
Baseline,0.5072463768115942,0.5090547475270574,-0.06616257088846855,-0.06036773433308147
Linear Regression,0.4801654116583259,0.4809625614941441,0.048262916557222924,-0.06422406311277577
Random Forest,0.5447536375661376,0.6909814069579892,-0.9643875395907564,-0.1323170456773986
Gradient Boosting,0.5416676116390735,0.6922091484524745,-0.9713744213996338,-0.16079948104001876
